START_ID|END_ID|AMOUNT
P_336|C_336|744.23
P_351|C_351|866.29
P_369|C_369|509.24
P_376|C_376|138.49
P_389|C_389|983.88
P_391|C_391|650.44
P_393|C_393|377.25
P_412|C_412|859.27
P_416|C_416|988.07
P_419|C_419|988.5
P_422|C_422|871.28
P_439|C_439|701.79
P_442|C_442|922.95
P_449|C_449|133.52
P_452|C_452|213.19
P_472|C_472|621.69
P_473|C_473|414.61
P_502|C_502|33.14
P_511|C_511|523.51
P_518|C_518|460.33
P_526|C_526|699.58
P_562|C_562|919.27
P_568|C_568|675.17
P_573|C_573|275.87
P_585|C_585|88.65
P_589|C_589|342.53
P_626|C_626|470.26
P_632|C_632|139.07
P_633|C_633|909.04
P_645|C_645|647.24
P_647|C_647|650.86
P_651|C_651|521.36
P_657|C_657|171.04
P_664|C_664|541.52
P_675|C_675|347.04
P_679|C_679|186.68
P_687|C_687|394.05
P_690|C_690|588.43
P_707|C_707|289.43
P_712|C_712|614.16
P_719|C_719|695.96
P_730|C_730|494.2
P_738|C_738|563.75
P_739|C_739|459.01
P_741|C_741|810.52
P_751|C_751|472.28
P_0|C_0|619.79
P_25|C_25|120.07
P_36|C_36|201.57
P_41|C_41|444.06
P_50|C_50|761.67
P_69|C_69|965.86
P_80|C_80|687.01
P_89|C_89|973.27
P_118|C_118|734.35
P_124|C_124|26.63
P_136|C_136|806.05
P_143|C_143|110.9
P_161|C_161|81.61
P_189|C_189|184.12
P_190|C_190|69.3
P_203|C_203|692.28
P_222|C_222|382.52
P_255|C_255|181.32
P_275|C_275|503.5
P_277|C_277|531.05
P_280|C_280|265.34
P_283|C_283|205.96
P_297|C_297|104.39
P_305|C_305|993.15
P_317|C_317|327.69
P_326|C_326|33.52
P_333|C_333|209.41
P_349|C_349|361.98
P_372|C_372|150.08
P_384|C_384|253.03
P_396|C_396|157.37
P_405|C_405|745.41
P_410|C_410|549.63
P_418|C_418|144.67
P_425|C_425|483.75
P_432|C_432|252.21
P_438|C_438|982.49
P_461|C_461|273.17
P_503|C_503|216.8
P_517|C_517|6.55
P_540|C_540|232.08
P_548|C_548|596.43
P_551|C_551|377.27
P_555|C_555|238.76
P_571|C_571|410.49
P_613|C_613|774.34
P_619|C_619|497.59
P_665|C_665|628.31
P_674|C_674|798.76
P_686|C_686|76.99
P_709|C_709|158.62
P_722|C_722|544.18
P_725|C_725|262.53
P_744|C_744|102.8
P_759|C_759|667.4
P_781|C_781|423.4
P_796|C_796|419.58
P_800|C_800|482.1
P_820|C_820|100.38
P_840|C_840|59.44
P_868|C_868|163.74
P_876|C_876|370.0
P_892|C_892|580.87
P_910|C_910|525.13
P_919|C_919|985.96
P_1020|C_1020|73.79
P_1030|C_1030|146.91
P_1035|C_1035|290.59
P_1041|C_1041|410.96
P_1051|C_1051|282.56
P_1055|C_1055|811.43
P_1063|C_1063|372.83
P_1074|C_1074|688.08
P_1084|C_1084|726.1
P_1087|C_1087|161.71
P_1098|C_1098|922.34
P_1100|C_1100|563.12
P_1107|C_1107|829.84
P_1114|C_1114|960.75
P_1116|C_1116|996.62
P_1123|C_1123|64.9
P_1128|C_1128|738.09
P_1145|C_1145|762.61
P_1152|C_1152|975.66
P_1162|C_1162|718.58
P_1165|C_1165|540.02
P_1187|C_1187|878.59
P_1190|C_1190|993.73
P_1203|C_1203|559.04
P_1212|C_1212|971.72
P_1214|C_1214|415.24
P_1229|C_1229|54.38
P_1259|C_1259|114.23
P_1271|C_1271|165.46
P_1274|C_1274|559.23
P_1286|C_1286|920.55
P_1291|C_1291|304.68
P_1293|C_1293|880.74
P_1301|C_1301|273.99
P_1304|C_1304|807.4
P_1332|C_1332|702.45
P_1354|C_1354|937.14
P_1380|C_1380|891.06
P_1382|C_1382|121.99
P_1394|C_1394|368.27
P_1422|C_1422|741.79
P_1430|C_1430|639.18
P_1449|C_1449|714.33
P_1458|C_1458|572.99
P_1484|C_1484|473.94
P_1497|C_1497|326.66
P_1528|C_1528|634.83
P_1542|C_1542|768.29
P_1545|C_1545|141.59
P_1547|C_1547|388.7
P_1552|C_1552|537.74
P_1554|C_1554|551.79
P_1555|C_1555|723.1
P_1570|C_1570|404.78
P_1588|C_1588|839.31
P_1590|C_1590|607.97
P_1595|C_1595|180.67
P_1610|C_1610|704.87
P_1623|C_1623|232.49
P_1641|C_1641|38.61
P_1666|C_1666|63.58
P_1686|C_1686|547.12
P_1693|C_1693|122.52
P_1703|C_1703|687.29
P_1720|C_1720|795.87
P_1738|C_1738|880.74
P_1759|C_1759|631.76
P_1778|C_1778|395.28
P_1803|C_1803|72.18
P_1808|C_1808|347.37
P_1811|C_1811|279.33
P_1824|C_1824|623.01
P_1848|C_1848|825.15
P_1850|C_1850|166.96
P_1854|C_1854|701.67
P_1856|C_1856|628.44
P_1877|C_1877|972.19
P_1880|C_1880|835.56
P_1883|C_1883|149.76
P_1897|C_1897|321.04
P_1910|C_1910|204.43
P_1915|C_1915|306.36
P_1920|C_1920|749.39
P_1936|C_1936|59.97
P_1941|C_1941|892.05
P_1968|C_1968|13.22
P_1980|C_1980|953.45
P_1990|C_1990|856.85
P_2002|C_2002|819.86
P_2015|C_2015|214.65
P_2016|C_2016|455.09
P_2022|C_2022|202.52
P_2030|C_2030|693.05
P_2058|C_2058|427.91
P_2065|C_2065|401.09
P_2121|C_2121|715.28
P_2131|C_2131|707.29
P_2141|C_2141|837.82
P_2142|C_2142|301.97
P_2187|C_2187|234.79
P_2194|C_2194|598.65
P_2195|C_2195|283.79
P_2217|C_2217|560.36
P_2218|C_2218|780.5
P_2250|C_2250|713.08
P_2258|C_2258|780.36
P_2275|C_2275|235.13
P_2325|C_2325|780.59
P_2332|C_2332|774.63
P_2337|C_2337|415.85
P_2352|C_2352|348.63
P_2371|C_2371|613.72
P_2393|C_2393|778.75
P_2405|C_2405|143.25
P_2417|C_2417|956.73
P_2418|C_2418|14.08
P_2426|C_2426|327.0
P_2432|C_2432|13.61
P_2466|C_2466|659.72
P_2471|C_2471|538.58
P_2491|C_2491|211.6
P_2501|C_2501|688.01
P_2509|C_2509|629.13
P_2516|C_2516|374.92
P_2542|C_2542|774.75
P_2544|C_2544|299.99
P_2560|C_2560|543.85
P_2613|C_2613|633.98
P_2640|C_2640|842.86
P_2648|C_2648|562.16
P_2662|C_2662|31.03
P_2682|C_2682|600.05
P_2690|C_2690|486.29
P_2707|C_2707|529.98
P_2725|C_2725|192.07
P_2771|C_2771|122.73
P_2784|C_2784|912.72
P_2787|C_2787|935.56
P_2794|C_2794|908.45
P_2797|C_2797|109.7
P_2813|C_2813|319.93
P_2821|C_2821|115.87
P_2829|C_2829|53.61
P_2851|C_2851|337.45
P_2860|C_2860|745.8
P_2882|C_2882|175.08
P_2885|C_2885|287.6
P_2887|C_2887|153.35
P_2895|C_2895|941.12
P_2918|C_2918|313.33
P_2926|C_2926|136.07
P_2952|C_2952|966.39
P_3002|C_3002|235.26
P_3011|C_3011|448.51
P_3017|C_3017|339.47
P_3021|C_3021|96.31
P_3028|C_3028|684.19
P_3060|C_3060|80.99
P_3061|C_3061|859.04
P_3062|C_3062|971.54
P_3088|C_3088|875.37
P_3098|C_3098|964.26
P_3112|C_3112|462.32
P_3122|C_3122|856.21
P_3127|C_3127|864.13
P_3135|C_3135|898.32
P_3137|C_3137|365.22
P_3138|C_3138|667.49
P_3144|C_3144|749.37
P_3159|C_3159|130.88
P_3169|C_3169|730.97
P_3188|C_3188|220.82
P_3197|C_3197|558.11
P_3203|C_3203|200.36
P_3211|C_3211|551.7
P_3235|C_3235|697.23
P_3259|C_3259|906.01
P_3283|C_3283|988.64
P_3286|C_3286|631.14
P_3290|C_3290|574.39
P_3295|C_3295|758.2
P_3323|C_3323|981.08
P_3332|C_3332|219.86
P_3340|C_3340|668.49
P_3341|C_3341|720.1
P_3369|C_3369|660.08
P_3378|C_3378|114.81
P_3379|C_3379|287.54
P_3381|C_3381|597.73
P_3416|C_3416|642.84
P_3446|C_3446|737.88
P_3454|C_3454|102.64
P_3480|C_3480|664.17
P_3488|C_3488|864.96
P_3493|C_3493|333.15
P_3500|C_3500|292.91
P_3519|C_3519|458.84
P_3533|C_3533|266.79
P_3537|C_3537|388.44
P_3540|C_3540|450.92
P_3546|C_3546|392.27
P_3567|C_3567|768.82
P_3577|C_3577|34.18
P_3581|C_3581|494.82
P_3596|C_3596|985.64
P_3601|C_3601|417.09
P_3607|C_3607|397.2
P_3611|C_3611|36.39
P_3619|C_3619|613.89
P_3622|C_3622|645.48
P_3623|C_3623|940.57
P_3643|C_3643|367.81
P_3658|C_3658|808.61
P_3669|C_3669|781.49
P_3674|C_3674|659.7
P_3686|C_3686|880.03
P_3717|C_3717|7.78
P_3726|C_3726|753.8
P_3741|C_3741|754.05
P_3758|C_3758|492.62
P_3759|C_3759|700.25
P_3770|C_3770|756.11
P_3776|C_3776|279.55
P_3787|C_3787|746.74
P_3789|C_3789|400.3
P_3798|C_3798|73.76
P_3818|C_3818|766.7
P_3823|C_3823|470.8
P_3824|C_3824|185.9
P_3858|C_3858|520.11
P_3864|C_3864|250.45
P_3876|C_3876|214.74
P_3884|C_3884|162.48
P_3989|C_3989|953.65
P_3992|C_3992|430.34
P_3999|C_3999|514.82
P_4024|C_4024|736.31
P_4025|C_4025|30.5
P_4047|C_4047|877.96
P_4067|C_4067|499.25
P_4111|C_4111|304.76
P_4147|C_4147|380.26
P_4154|C_4154|244.48
P_4160|C_4160|451.77
P_4178|C_4178|51.64
P_4182|C_4182|266.46
P_4194|C_4194|907.58
P_4195|C_4195|528.79
P_4204|C_4204|304.08
P_4247|C_4247|451.19
P_4251|C_4251|224.62
P_4252|C_4252|53.12
P_4262|C_4262|759.9
P_4269|C_4269|106.87
P_4271|C_4271|751.28
P_4284|C_4284|131.25
P_4287|C_4287|470.22
P_4300|C_4300|273.05
P_4328|C_4328|766.14
P_4334|C_4334|722.16
P_4340|C_4340|900.5
P_4345|C_4345|41.33
P_4353|C_4353|346.42
P_4382|C_4382|291.92
P_4387|C_4387|188.39
P_4389|C_4389|727.52
P_4400|C_4400|389.94
P_4411|C_4411|875.17
P_4417|C_4417|594.18
P_4440|C_4440|605.66
P_4448|C_4448|707.43
P_4454|C_4454|537.9
P_4466|C_4466|201.49
P_4473|C_4473|376.49
P_4486|C_4486|994.88
P_4494|C_4494|394.88
P_4524|C_4524|740.44
P_4542|C_4542|684.4
P_4561|C_4561|601.76
P_4591|C_4591|329.05
P_4603|C_4603|104.71
P_4644|C_4644|683.3
P_4646|C_4646|176.85
P_4681|C_4681|252.05
P_4699|C_4699|487.69
P_4707|C_4707|380.54
P_4733|C_4733|920.51
P_4745|C_4745|286.8
P_4746|C_4746|199.52
P_4750|C_4750|771.25
P_4758|C_4758|882.66
P_4759|C_4759|115.37
P_4769|C_4769|31.18
P_4775|C_4775|987.73
P_4801|C_4801|203.08
P_4804|C_4804|841.16
P_4822|C_4822|190.18
P_4845|C_4845|379.78
P_4859|C_4859|419.59
P_4867|C_4867|476.6
P_4869|C_4869|941.27
P_4871|C_4871|743.57
P_4876|C_4876|60.48
P_4884|C_4884|682.73
P_4897|C_4897|826.9
P_4903|C_4903|257.52
P_4915|C_4915|874.61
P_4922|C_4922|604.44
P_4924|C_4924|188.26
P_4925|C_4925|485.35
P_4940|C_4940|859.2
P_4946|C_4946|928.73
P_4949|C_4949|465.95
P_4952|C_4952|784.14
P_4966|C_4966|787.58
P_4967|C_4967|180.89
P_4976|C_4976|531.9
P_4982|C_4982|666.26
P_4987|C_4987|314.3
P_4990|C_4990|675.32
P_4991|C_4991|910.3
P_4993|C_4993|987.63
P_4995|C_4995|916.66
P_14|C_14|729.67
P_29|C_29|676.52
P_34|C_34|444.69
P_48|C_48|256.58
P_59|C_59|141.83
P_67|C_67|920.42
P_68|C_68|427.04
P_70|C_70|112.99
P_90|C_90|278.62
P_97|C_97|397.58
P_113|C_113|769.48
P_140|C_140|811.0
P_166|C_166|499.91
P_176|C_176|714.01
P_187|C_187|486.86
P_200|C_200|277.44
P_214|C_214|778.23
P_233|C_233|984.3
P_246|C_246|564.67
P_258|C_258|266.8
P_267|C_267|416.17
P_276|C_276|690.77
P_286|C_286|427.74
P_287|C_287|608.39
P_290|C_290|822.77
P_309|C_309|173.05
P_323|C_323|382.16
P_328|C_328|818.71
P_339|C_339|351.62
P_344|C_344|135.97
P_346|C_346|553.65
P_364|C_364|211.66
P_377|C_377|666.58
P_450|C_450|207.84
P_495|C_495|777.05
P_496|C_496|147.76
P_505|C_505|231.79
P_520|C_520|672.32
P_527|C_527|813.71
P_539|C_539|130.82
P_586|C_586|957.9
P_588|C_588|889.82
P_593|C_593|703.45
P_596|C_596|391.57
P_598|C_598|412.54
P_625|C_625|596.76
P_627|C_627|814.62
P_629|C_629|864.68
P_635|C_635|445.79
P_639|C_639|805.57
P_653|C_653|684.11
P_656|C_656|189.32
P_659|C_659|416.36
P_666|C_666|116.38
P_668|C_668|329.39
P_670|C_670|355.73
P_716|C_716|439.49
P_778|C_778|593.52
P_801|C_801|497.04
P_806|C_806|947.49
P_827|C_827|78.44
P_828|C_828|323.49
P_850|C_850|569.78
P_853|C_853|496.13
P_863|C_863|582.62
P_872|C_872|703.94
P_880|C_880|926.47
P_885|C_885|530.35
P_911|C_911|8.26
P_916|C_916|117.88
P_918|C_918|455.41
P_935|C_935|404.66
P_957|C_957|183.43
P_972|C_972|58.86
P_985|C_985|650.72
P_989|C_989|304.91
P_995|C_995|673.49
P_1000|C_1000|590.12
P_1005|C_1005|756.59
P_1025|C_1025|683.05
P_1034|C_1034|565.41
P_1081|C_1081|21.54
P_1099|C_1099|118.51
P_1112|C_1112|437.16
P_1122|C_1122|536.32
P_1131|C_1131|14.84
P_1133|C_1133|707.21
P_1154|C_1154|264.06
P_1156|C_1156|589.16
P_1172|C_1172|825.47
P_1226|C_1226|737.98
P_1251|C_1251|592.01
P_1260|C_1260|480.37
P_1263|C_1263|84.07
P_1266|C_1266|613.0
P_1282|C_1282|67.17
P_1306|C_1306|377.2
P_1308|C_1308|816.84
P_1309|C_1309|718.43
P_1320|C_1320|545.39
P_1328|C_1328|7.13
P_1333|C_1333|296.26
P_1335|C_1335|380.94
P_1336|C_1336|537.05
P_1339|C_1339|608.36
P_1343|C_1343|193.37
P_1347|C_1347|503.22
P_1355|C_1355|614.7
P_1361|C_1361|933.32
P_1401|C_1401|978.82
P_1406|C_1406|377.23
P_1427|C_1427|320.81
P_1439|C_1439|460.73
P_1441|C_1441|757.47
P_1443|C_1443|661.63
P_1467|C_1467|132.92
P_1474|C_1474|687.44
P_1476|C_1476|352.0
P_1478|C_1478|973.19
P_1479|C_1479|940.26
P_1492|C_1492|827.44
P_1494|C_1494|477.74
P_1502|C_1502|867.42
P_1504|C_1504|92.99
P_1515|C_1515|856.15
P_1521|C_1521|94.9
P_1523|C_1523|683.17
P_1531|C_1531|666.35
P_1541|C_1541|889.84
P_1558|C_1558|152.99
P_1561|C_1561|874.31
P_1592|C_1592|895.69
P_1609|C_1609|6.07
P_1622|C_1622|506.49
P_1624|C_1624|231.96
P_1630|C_1630|686.23
P_1645|C_1645|742.9
P_1646|C_1646|351.02
P_1647|C_1647|303.9
P_1676|C_1676|954.21
P_1687|C_1687|439.14
P_1688|C_1688|913.2
P_1709|C_1709|127.47
P_1716|C_1716|500.04
P_1717|C_1717|452.33
P_1735|C_1735|631.05
P_1742|C_1742|281.68
P_1753|C_1753|504.91
P_1770|C_1770|154.79
P_1779|C_1779|902.99
P_1782|C_1782|902.55
P_1787|C_1787|51.04
P_1801|C_1801|365.48
P_1821|C_1821|796.4
P_1843|C_1843|661.18
P_1847|C_1847|862.96
P_1851|C_1851|981.37
P_1861|C_1861|400.36
P_1870|C_1870|158.77
P_1886|C_1886|282.44
P_1890|C_1890|108.33
P_1896|C_1896|583.11
P_1906|C_1906|340.96
P_1913|C_1913|801.49
P_1921|C_1921|885.8
P_1935|C_1935|463.91
P_1954|C_1954|253.41
P_1955|C_1955|75.26
P_1971|C_1971|613.04
P_1979|C_1979|165.18
P_1986|C_1986|134.68
P_1991|C_1991|173.73
P_2004|C_2004|623.98
P_2025|C_2025|300.44
P_2031|C_2031|597.96
P_2056|C_2056|208.34
P_2074|C_2074|832.72
P_2088|C_2088|383.78
P_2089|C_2089|789.57
P_2093|C_2093|63.73
P_2096|C_2096|451.87
P_2109|C_2109|458.64
P_2140|C_2140|718.45
P_2144|C_2144|39.55
P_2154|C_2154|296.13
P_2159|C_2159|189.17
P_2171|C_2171|848.96
P_2172|C_2172|333.03
P_2186|C_2186|565.33
P_2200|C_2200|786.13
P_2202|C_2202|404.89
P_2206|C_2206|235.12
P_2214|C_2214|678.5
P_2223|C_2223|12.66
P_2254|C_2254|133.39
P_2257|C_2257|943.68
P_2272|C_2272|123.86
P_2274|C_2274|697.24
P_2283|C_2283|588.67
P_2294|C_2294|897.98
P_2308|C_2308|539.88
P_2334|C_2334|929.09
P_2354|C_2354|915.18
P_2355|C_2355|765.45
P_2381|C_2381|559.52
P_2397|C_2397|529.17
P_2399|C_2399|377.11
P_2423|C_2423|162.3
P_2449|C_2449|323.65
P_2459|C_2459|522.37
P_2492|C_2492|489.71
P_2503|C_2503|995.69
P_2510|C_2510|31.56
P_2511|C_2511|20.96
P_2513|C_2513|506.99
P_2514|C_2514|974.77
P_2545|C_2545|206.39
P_2549|C_2549|222.28
P_2550|C_2550|758.78
P_2554|C_2554|402.81
P_2565|C_2565|967.43
P_2578|C_2578|982.02
P_2580|C_2580|8.48
P_2597|C_2597|124.28
P_2605|C_2605|89.18
P_2612|C_2612|613.06
P_2643|C_2643|215.76
P_2645|C_2645|579.07
P_2659|C_2659|459.27
P_2680|C_2680|683.02
P_2687|C_2687|372.06
P_2693|C_2693|173.63
P_2749|C_2749|520.54
P_2754|C_2754|647.56
P_2774|C_2774|986.35
P_2780|C_2780|77.3
P_2781|C_2781|380.89
P_2806|C_2806|400.43
P_2812|C_2812|999.02
P_2830|C_2830|611.9
P_2831|C_2831|340.26
P_2836|C_2836|479.07
P_2857|C_2857|987.7
P_2859|C_2859|631.09
P_2861|C_2861|634.65
P_2867|C_2867|543.88
P_2884|C_2884|581.09
P_2886|C_2886|426.11
P_2905|C_2905|883.52
P_2930|C_2930|171.87
P_2989|C_2989|429.09
P_3024|C_3024|147.8
P_3054|C_3054|500.39
P_3070|C_3070|995.99
P_3074|C_3074|767.49
P_3084|C_3084|225.49
P_3087|C_3087|214.97
P_3092|C_3092|100.99
P_3096|C_3096|313.12
P_3116|C_3116|795.83
P_3125|C_3125|638.42
P_3131|C_3131|54.48
P_3142|C_3142|874.82
P_3147|C_3147|155.13
P_3150|C_3150|770.47
P_3152|C_3152|429.75
P_3153|C_3153|548.27
P_3167|C_3167|796.53
P_3179|C_3179|491.7
P_3195|C_3195|177.07
P_3258|C_3258|396.25
P_3263|C_3263|212.59
P_3273|C_3273|619.21
P_3276|C_3276|780.95
P_3316|C_3316|838.92
P_3336|C_3336|849.63
P_3342|C_3342|751.16
P_3366|C_3366|643.66
P_3380|C_3380|799.91
P_3382|C_3382|164.58
P_3404|C_3404|660.96
P_3411|C_3411|951.01
P_3413|C_3413|974.79
P_3420|C_3420|541.08
P_3421|C_3421|194.61
P_3430|C_3430|628.37
P_3435|C_3435|794.8
P_3439|C_3439|423.55
P_3458|C_3458|791.31
P_3461|C_3461|319.09
P_3478|C_3478|442.17
P_3479|C_3479|936.2
P_3492|C_3492|904.83
P_3495|C_3495|748.35
P_3499|C_3499|68.7
P_3506|C_3506|280.33
P_3517|C_3517|71.38
P_3521|C_3521|717.24
P_3531|C_3531|369.8
P_3548|C_3548|586.18
P_3568|C_3568|104.04
P_3613|C_3613|262.49
P_3616|C_3616|235.2
P_3629|C_3629|372.74
P_3637|C_3637|400.58
P_3665|C_3665|782.26
P_3678|C_3678|52.37
P_3680|C_3680|839.35
P_3707|C_3707|226.04
P_3760|C_3760|544.1
P_3763|C_3763|200.25
P_3768|C_3768|168.39
P_3779|C_3779|124.17
P_3794|C_3794|922.26
P_3797|C_3797|90.02
P_3804|C_3804|115.74
P_3812|C_3812|666.98
P_3840|C_3840|853.64
P_3841|C_3841|419.94
P_3862|C_3862|178.65
P_3865|C_3865|879.0
P_3874|C_3874|533.61
P_3877|C_3877|632.18
P_3921|C_3921|230.91
P_3923|C_3923|106.02
P_3928|C_3928|62.84
P_3941|C_3941|20.57
P_3957|C_3957|911.68
P_3969|C_3969|837.95
P_3974|C_3974|518.59
P_3978|C_3978|89.06
P_3980|C_3980|525.7
P_4015|C_4015|963.76
P_4027|C_4027|253.96
P_4041|C_4041|915.93
P_4049|C_4049|582.75
P_4060|C_4060|454.65
P_4091|C_4091|665.12
P_4109|C_4109|849.76
P_4122|C_4122|233.11
P_4137|C_4137|112.95
P_4156|C_4156|124.24
P_4175|C_4175|490.48
P_4191|C_4191|883.08
P_4210|C_4210|347.29
P_4215|C_4215|906.03
P_4270|C_4270|981.64
P_4282|C_4282|312.34
P_4285|C_4285|445.08
P_4289|C_4289|46.13
P_4303|C_4303|945.44
P_4312|C_4312|527.06
P_4342|C_4342|794.3
P_4349|C_4349|573.87
P_4375|C_4375|900.58
P_4378|C_4378|689.24
P_4379|C_4379|163.26
P_4398|C_4398|378.68
P_4404|C_4404|150.31
P_4425|C_4425|172.65
P_4428|C_4428|552.28
P_4432|C_4432|650.47
P_4435|C_4435|181.74
P_4450|C_4450|665.38
P_4451|C_4451|134.56
P_4453|C_4453|22.96
P_4472|C_4472|356.46
P_4475|C_4475|360.41
P_4509|C_4509|749.88
P_4513|C_4513|961.92
P_4519|C_4519|992.56
P_4567|C_4567|384.79
P_4589|C_4589|54.16
P_4596|C_4596|202.41
P_4599|C_4599|420.55
P_4624|C_4624|645.79
P_4627|C_4627|76.48
P_4629|C_4629|974.06
P_4660|C_4660|953.4
P_4675|C_4675|376.16
P_4689|C_4689|459.25
P_4693|C_4693|89.71
P_4710|C_4710|964.28
P_4715|C_4715|223.71
P_4742|C_4742|64.63
P_4765|C_4765|811.37
P_4795|C_4795|884.31
P_4796|C_4796|140.6
P_4803|C_4803|305.72
P_4810|C_4810|194.27
P_4813|C_4813|973.5
P_4830|C_4830|669.38
P_4847|C_4847|825.87
P_4855|C_4855|854.47
P_4870|C_4870|626.58
P_4882|C_4882|641.42
P_4883|C_4883|662.06
P_4902|C_4902|474.46
P_4916|C_4916|934.18
P_4945|C_4945|813.93
P_4948|C_4948|682.36
P_4955|C_4955|105.52
P_4959|C_4959|65.0
P_4965|C_4965|971.84
P_4979|C_4979|363.31
P_4989|C_4989|293.58
P_4998|C_4998|34.09
P_8|C_8|148.38
P_12|C_12|443.23
P_13|C_13|843.54
P_35|C_35|231.81
P_52|C_52|906.43
P_60|C_60|976.06
P_72|C_72|578.38
P_87|C_87|304.75
P_96|C_96|333.39
P_109|C_109|782.56
P_182|C_182|610.88
P_192|C_192|913.54
P_206|C_206|569.76
P_242|C_242|370.53
P_257|C_257|529.66
P_278|C_278|787.99
P_288|C_288|588.09
P_307|C_307|787.43
P_324|C_324|465.64
P_4237|C_4237|447.05
P_4243|C_4243|968.8
P_4273|C_4273|210.74
P_4277|C_4277|750.17
P_4295|C_4295|429.86
P_4297|C_4297|531.76
P_4314|C_4314|482.02
P_4319|C_4319|575.02
P_4327|C_4327|679.57
P_4343|C_4343|125.58
P_4348|C_4348|342.34
P_4372|C_4372|881.8
P_4383|C_4383|762.74
P_4408|C_4408|286.18
P_4426|C_4426|378.37
P_4431|C_4431|830.78
P_4433|C_4433|728.58
P_4462|C_4462|538.48
P_4465|C_4465|597.42
P_4470|C_4470|765.62
P_4476|C_4476|622.16
P_4481|C_4481|438.52
P_4487|C_4487|588.78
P_4503|C_4503|187.87
P_4506|C_4506|875.75
P_4535|C_4535|671.13
P_4538|C_4538|51.28
P_4550|C_4550|406.68
P_4559|C_4559|598.6
P_4560|C_4560|36.43
P_4594|C_4594|552.91
P_4612|C_4612|678.13
P_4623|C_4623|877.19
P_4625|C_4625|280.93
P_4630|C_4630|505.51
P_4648|C_4648|773.97
P_4665|C_4665|186.13
P_4667|C_4667|581.43
P_4668|C_4668|562.06
P_4683|C_4683|444.95
P_4687|C_4687|931.86
P_4701|C_4701|679.46
P_4717|C_4717|234.55
P_4722|C_4722|887.52
P_4729|C_4729|579.39
P_4737|C_4737|9.34
P_4752|C_4752|982.36
P_4760|C_4760|621.63
P_4783|C_4783|83.8
P_4784|C_4784|714.99
P_4788|C_4788|61.65
P_4797|C_4797|49.34
P_4807|C_4807|590.13
P_4817|C_4817|506.39
P_4826|C_4826|126.74
P_4840|C_4840|696.07
P_4850|C_4850|388.95
P_4863|C_4863|387.21
P_4881|C_4881|189.29
P_4895|C_4895|636.33
P_4901|C_4901|927.54
P_4923|C_4923|853.11
P_4999|C_4999|268.81
P_9|C_9|928.6
P_15|C_15|366.67
P_23|C_23|972.2
P_33|C_33|612.12
P_38|C_38|419.12
P_46|C_46|427.67
P_57|C_57|14.16
P_81|C_81|650.4
P_98|C_98|783.56
P_108|C_108|99.74
P_112|C_112|521.0
P_116|C_116|192.26
P_141|C_141|699.24
P_146|C_146|814.77
P_150|C_150|66.17
P_173|C_173|316.13
P_175|C_175|910.43
P_202|C_202|117.12
P_221|C_221|291.58
P_229|C_229|939.81
P_230|C_230|329.7
P_237|C_237|571.54
P_238|C_238|317.98
P_256|C_256|753.71
P_263|C_263|960.83
P_303|C_303|396.19
P_306|C_306|149.03
P_308|C_308|260.28
P_314|C_314|464.93
P_318|C_318|980.23
P_321|C_321|492.96
P_338|C_338|908.49
P_357|C_357|12.49
P_359|C_359|387.92
P_368|C_368|504.33
P_378|C_378|691.03
P_402|C_402|544.71
P_420|C_420|801.56
P_429|C_429|382.5
P_434|C_434|742.24
P_454|C_454|112.41
P_466|C_466|975.05
P_477|C_477|905.39
P_485|C_485|686.13
P_493|C_493|987.35
P_510|C_510|491.72
P_512|C_512|170.15
P_519|C_519|324.03
P_530|C_530|547.06
P_536|C_536|182.82
P_538|C_538|299.77
P_545|C_545|720.16
P_553|C_553|774.12
P_557|C_557|66.09
P_587|C_587|977.12
P_606|C_606|804.07
P_608|C_608|728.84
P_609|C_609|165.93
P_616|C_616|600.84
P_622|C_622|212.5
P_636|C_636|637.65
P_641|C_641|516.12
P_646|C_646|212.24
P_650|C_650|972.12
P_678|C_678|949.07
P_684|C_684|752.32
P_689|C_689|813.05
P_706|C_706|303.75
P_715|C_715|768.3
P_717|C_717|195.2
P_726|C_726|88.79
P_731|C_731|255.14
P_740|C_740|888.43
P_747|C_747|785.76
P_770|C_770|817.34
P_784|C_784|324.95
P_785|C_785|4.46
P_787|C_787|437.42
P_803|C_803|284.61
P_805|C_805|825.21
P_815|C_815|383.62
P_839|C_839|408.67
P_846|C_846|787.38
P_856|C_856|622.08
P_874|C_874|11.92
P_896|C_896|29.27
P_940|C_940|658.22
P_962|C_962|42.22
P_977|C_977|849.26
P_993|C_993|121.02
P_998|C_998|982.73
P_999|C_999|327.52
P_1011|C_1011|425.48
P_1015|C_1015|838.54
P_1027|C_1027|296.59
P_1031|C_1031|634.17
P_1046|C_1046|839.19
P_1058|C_1058|748.1
P_1075|C_1075|735.27
P_1079|C_1079|15.73
P_1085|C_1085|568.83
P_1088|C_1088|54.28
P_1117|C_1117|211.78
P_1153|C_1153|15.15
P_1177|C_1177|913.93
P_1180|C_1180|287.01
P_1197|C_1197|303.13
P_1208|C_1208|783.43
P_1210|C_1210|210.72
P_1211|C_1211|134.64
P_1222|C_1222|764.33
P_1227|C_1227|493.8
P_1228|C_1228|886.34
P_1238|C_1238|989.33
P_1246|C_1246|844.81
P_1256|C_1256|308.63
P_1284|C_1284|222.54
P_1302|C_1302|434.89
P_1324|C_1324|179.97
P_1340|C_1340|443.57
P_1346|C_1346|717.59
P_1350|C_1350|172.6
P_1359|C_1359|730.2
P_1365|C_1365|568.01
P_1373|C_1373|559.71
P_1374|C_1374|765.34
P_1376|C_1376|731.72
P_1379|C_1379|894.21
P_1397|C_1397|911.79
P_1405|C_1405|914.39
P_1418|C_1418|190.35
P_1419|C_1419|571.06
P_1424|C_1424|60.62
P_1429|C_1429|902.1
P_1447|C_1447|250.46
P_1463|C_1463|489.42
P_1471|C_1471|75.88
P_1475|C_1475|910.9
P_1489|C_1489|906.4
P_1509|C_1509|333.54
P_1520|C_1520|951.12
P_1522|C_1522|505.04
P_1546|C_1546|764.92
P_1574|C_1574|741.38
P_1579|C_1579|866.75
P_1599|C_1599|954.7
P_1613|C_1613|300.44
P_1625|C_1625|769.89
P_1642|C_1642|163.64
P_1644|C_1644|102.66
P_1690|C_1690|825.91
P_1710|C_1710|717.64
P_1711|C_1711|324.81
P_1713|C_1713|945.04
P_1715|C_1715|992.29
P_1751|C_1751|484.85
P_1760|C_1760|531.39
P_1776|C_1776|82.88
P_1777|C_1777|516.17
P_1793|C_1793|176.53
P_1825|C_1825|657.07
P_1831|C_1831|845.48
P_1846|C_1846|868.82
P_1857|C_1857|110.28
P_1863|C_1863|893.21
P_1932|C_1932|469.07
P_1945|C_1945|692.74
P_1972|C_1972|841.83
P_2000|C_2000|404.98
P_2048|C_2048|33.75
P_2049|C_2049|380.35
P_2050|C_2050|365.51
P_2053|C_2053|860.53
P_2068|C_2068|899.49
P_2082|C_2082|358.71
P_2085|C_2085|71.97
P_2102|C_2102|102.83
P_2125|C_2125|177.7
P_2126|C_2126|169.74
P_2127|C_2127|214.08
P_2128|C_2128|888.25
P_2133|C_2133|782.51
P_2139|C_2139|574.23
P_2163|C_2163|853.41
P_2173|C_2173|288.16
P_2180|C_2180|976.74
P_2193|C_2193|275.87
P_2197|C_2197|164.1
P_2220|C_2220|761.95
P_2224|C_2224|975.77
P_2240|C_2240|160.27
P_2241|C_2241|655.12
P_2246|C_2246|36.08
P_2267|C_2267|212.57
P_2276|C_2276|434.54
P_2282|C_2282|200.07
P_2285|C_2285|78.35
P_2287|C_2287|981.99
P_2298|C_2298|216.17
P_2323|C_2323|682.08
P_2327|C_2327|790.63
P_2349|C_2349|859.15
P_2370|C_2370|112.73
P_2372|C_2372|310.63
P_2414|C_2414|140.59
P_2454|C_2454|272.5
P_2455|C_2455|248.18
P_2475|C_2475|796.3
P_2476|C_2476|281.98
P_2489|C_2489|889.48
P_2517|C_2517|977.88
P_2518|C_2518|90.62
P_2521|C_2521|942.57
P_2522|C_2522|499.67
P_2524|C_2524|45.9
P_2536|C_2536|843.47
P_2539|C_2539|176.79
P_2543|C_2543|107.7
P_2548|C_2548|373.19
P_2557|C_2557|840.42
P_2563|C_2563|653.93
P_2575|C_2575|824.77
P_2592|C_2592|473.01
P_2593|C_2593|166.5
P_2603|C_2603|825.52
P_2615|C_2615|917.1
P_2616|C_2616|348.27
P_2624|C_2624|779.62
P_2626|C_2626|153.08
P_2632|C_2632|529.2
P_2639|C_2639|863.12
P_2656|C_2656|336.76
P_2661|C_2661|426.31
P_2681|C_2681|818.5
P_2683|C_2683|815.31
P_2692|C_2692|159.74
P_2702|C_2702|478.54
P_2716|C_2716|420.34
P_2734|C_2734|516.16
P_2750|C_2750|160.67
P_2770|C_2770|636.0
P_2798|C_2798|424.46
P_2803|C_2803|471.48
P_2839|C_2839|560.65
P_2843|C_2843|306.78
P_2865|C_2865|955.43
P_2870|C_2870|357.34
P_2889|C_2889|36.66
P_2894|C_2894|697.14
P_2897|C_2897|240.08
P_2901|C_2901|361.14
P_2909|C_2909|362.75
P_2910|C_2910|649.44
P_2924|C_2924|717.76
P_2934|C_2934|813.58
P_2937|C_2937|825.26
P_2940|C_2940|859.24
P_2941|C_2941|692.45
P_2954|C_2954|511.13
P_2968|C_2968|225.63
P_2972|C_2972|707.77
P_3016|C_3016|431.41
P_3018|C_3018|118.62
P_3023|C_3023|36.98
P_3036|C_3036|819.04
P_3063|C_3063|833.17
P_3067|C_3067|402.0
P_3069|C_3069|598.08
P_3107|C_3107|598.03
P_3121|C_3121|889.86
P_3126|C_3126|980.47
P_3128|C_3128|515.39
P_3143|C_3143|55.56
P_3184|C_3184|313.32
P_3189|C_3189|115.67
P_3193|C_3193|596.73
P_3212|C_3212|935.58
P_3219|C_3219|80.43
P_3222|C_3222|76.25
P_3223|C_3223|810.26
P_3234|C_3234|401.63
P_3265|C_3265|449.5
P_3284|C_3284|879.44
P_3289|C_3289|945.08
P_3292|C_3292|175.69
P_3298|C_3298|354.52
P_3299|C_3299|245.56
P_3303|C_3303|611.98
P_3305|C_3305|646.17
P_3307|C_3307|314.27
P_3333|C_3333|462.42
P_3344|C_3344|893.61
P_3348|C_3348|248.58
P_3354|C_3354|937.6
P_3368|C_3368|901.03
P_3410|C_3410|865.46
P_3429|C_3429|823.25
P_3441|C_3441|471.67
P_3443|C_3443|556.03
P_3451|C_3451|87.43
P_3452|C_3452|922.96
P_3457|C_3457|815.82
P_3462|C_3462|710.53
P_3470|C_3470|527.71
P_3477|C_3477|711.57
P_3510|C_3510|392.45
P_3527|C_3527|394.08
P_3530|C_3530|188.16
P_3543|C_3543|912.28
P_3574|C_3574|479.68
P_3587|C_3587|333.17
P_3609|C_3609|160.29
P_3630|C_3630|618.95
P_3638|C_3638|604.49
P_3639|C_3639|954.99
P_3645|C_3645|514.61
P_3652|C_3652|550.2
P_3656|C_3656|70.84
P_3690|C_3690|418.87
P_3692|C_3692|119.44
P_3695|C_3695|210.57
P_3708|C_3708|15.62
P_3711|C_3711|877.81
P_3712|C_3712|11.34
P_3714|C_3714|347.83
P_3727|C_3727|596.7
P_3743|C_3743|863.53
P_3775|C_3775|515.92
P_3790|C_3790|940.46
P_3807|C_3807|568.0
P_3816|C_3816|779.03
P_3832|C_3832|193.12
P_3836|C_3836|231.7
P_3839|C_3839|374.15
P_3846|C_3846|347.4
P_3851|C_3851|921.31
P_3857|C_3857|338.09
P_3859|C_3859|148.14
P_3867|C_3867|580.91
P_3889|C_3889|62.41
P_3911|C_3911|334.31
P_3917|C_3917|222.43
P_3939|C_3939|891.44
P_3966|C_3966|550.98
P_3973|C_3973|39.69
P_4003|C_4003|683.64
P_4042|C_4042|441.27
P_4043|C_4043|960.23
P_4054|C_4054|101.03
P_4057|C_4057|357.84
P_4080|C_4080|144.13
P_4084|C_4084|6.62
P_4112|C_4112|503.35
P_4120|C_4120|785.82
P_4159|C_4159|30.54
P_4161|C_4161|788.84
P_4164|C_4164|581.1
P_4172|C_4172|707.38
P_4181|C_4181|582.19
P_4193|C_4193|558.42
P_4205|C_4205|392.0
P_4239|C_4239|150.77
P_4250|C_4250|819.2
P_4254|C_4254|623.32
P_4263|C_4263|674.39
P_4288|C_4288|567.67
P_4291|C_4291|434.94
P_4292|C_4292|86.55
P_4301|C_4301|335.25
P_4302|C_4302|943.11
P_4305|C_4305|349.37
P_4323|C_4323|940.58
P_4324|C_4324|615.92
P_4329|C_4329|78.66
P_4344|C_4344|738.78
P_4377|C_4377|966.51
P_4392|C_4392|797.05
P_4415|C_4415|381.23
P_4418|C_4418|950.06
P_4423|C_4423|862.59
P_4446|C_4446|102.6
P_4460|C_4460|144.43
P_4468|C_4468|852.9
P_4471|C_4471|944.23
P_4479|C_4479|16.35
P_4505|C_4505|808.06
P_4514|C_4514|142.13
P_4521|C_4521|3.5
P_4522|C_4522|625.7
P_4531|C_4531|370.37
P_4540|C_4540|675.45
P_4552|C_4552|939.44
P_4554|C_4554|37.26
P_4555|C_4555|775.8
P_4582|C_4582|396.69
P_4584|C_4584|263.36
P_4587|C_4587|333.37
P_4593|C_4593|5.49
P_4615|C_4615|738.52
P_4641|C_4641|82.27
P_4653|C_4653|562.69
P_4656|C_4656|751.8
P_4658|C_4658|535.22
P_4673|C_4673|482.3
P_4703|C_4703|155.98
P_4705|C_4705|730.8
P_4716|C_4716|714.03
P_4721|C_4721|770.76
P_4723|C_4723|735.46
P_4725|C_4725|15.8
P_4728|C_4728|66.45
P_4735|C_4735|492.99
P_4736|C_4736|710.69
P_4743|C_4743|978.83
P_4753|C_4753|964.02
P_4754|C_4754|267.24
P_4756|C_4756|178.96
P_4767|C_4767|195.5
P_4778|C_4778|587.55
P_4789|C_4789|990.08
P_4791|C_4791|120.96
P_4792|C_4792|783.03
P_4805|C_4805|490.83
P_4811|C_4811|490.01
P_4812|C_4812|134.01
P_4819|C_4819|81.84
P_4837|C_4837|491.64
P_4892|C_4892|507.33
P_4893|C_4893|446.98
P_4905|C_4905|561.62
P_4913|C_4913|911.86
P_4917|C_4917|758.1
P_4928|C_4928|789.29
P_4957|C_4957|370.85
P_4958|C_4958|583.76
P_7|C_7|953.88
P_20|C_20|431.12
P_21|C_21|957.67
P_31|C_31|815.51
P_39|C_39|439.74
P_40|C_40|5.1
P_45|C_45|251.54
P_49|C_49|809.87
P_51|C_51|55.07
P_84|C_84|617.5
P_86|C_86|410.32
P_88|C_88|403.26
P_102|C_102|245.14
P_151|C_151|387.12
P_171|C_171|588.96
P_195|C_195|217.47
P_207|C_207|766.06
P_210|C_210|419.36
P_215|C_215|564.82
P_226|C_226|791.24
P_251|C_251|827.26
P_274|C_274|809.73
P_279|C_279|875.91
P_311|C_311|680.94
P_331|C_331|927.72
P_343|C_343|619.56
P_354|C_354|246.15
P_361|C_361|993.17
P_386|C_386|719.48
P_403|C_403|839.62
P_414|C_414|310.57
P_445|C_445|71.84
P_479|C_479|316.82
P_506|C_506|826.31
P_507|C_507|420.12
P_529|C_529|633.75
P_549|C_549|781.53
P_565|C_565|363.68
P_577|C_577|630.89
P_578|C_578|885.43
P_591|C_591|380.91
P_612|C_612|932.6
P_630|C_630|306.39
P_682|C_682|908.69
P_691|C_691|443.15
P_694|C_694|25.22
P_708|C_708|565.58
P_710|C_710|226.02
P_713|C_713|628.78
P_718|C_718|929.01
P_743|C_743|19.29
P_756|C_756|913.22
P_779|C_779|196.68
P_788|C_788|423.25
P_790|C_790|201.37
P_812|C_812|373.99
P_830|C_830|585.21
P_841|C_841|715.95
P_842|C_842|865.48
P_861|C_861|496.63
P_901|C_901|546.56
P_924|C_924|108.22
P_926|C_926|56.07
P_927|C_927|268.34
P_943|C_943|15.4
P_945|C_945|871.94
P_952|C_952|992.81
P_954|C_954|915.23
P_966|C_966|992.78
P_997|C_997|161.54
P_1002|C_1002|900.29
P_1021|C_1021|234.21
P_1029|C_1029|761.35
P_1037|C_1037|357.85
P_1038|C_1038|423.73
P_1070|C_1070|927.46
P_1073|C_1073|820.23
P_1108|C_1108|45.2
P_1109|C_1109|583.69
P_1111|C_1111|845.94
P_1124|C_1124|970.03
P_1134|C_1134|363.31
P_1140|C_1140|312.9
P_1150|C_1150|922.4
P_1158|C_1158|699.57
P_1166|C_1166|915.78
P_1185|C_1185|914.54
P_1193|C_1193|87.47
P_1196|C_1196|170.46
P_1200|C_1200|234.34
P_1219|C_1219|162.07
P_1258|C_1258|744.99
P_1264|C_1264|810.35
P_1280|C_1280|626.86
P_1292|C_1292|695.68
P_1323|C_1323|717.51
P_1326|C_1326|80.02
P_1331|C_1331|562.15
P_1344|C_1344|416.53
P_1356|C_1356|220.69
P_1370|C_1370|612.9
P_1391|C_1391|880.74
P_1400|C_1400|18.97
P_1409|C_1409|636.44
P_1416|C_1416|380.99
P_1448|C_1448|549.16
P_1453|C_1453|871.04
P_1460|C_1460|423.89
P_1465|C_1465|586.41
P_1469|C_1469|187.84
P_1477|C_1477|427.43
P_1493|C_1493|148.58
P_1505|C_1505|809.83
P_1524|C_1524|194.21
P_1537|C_1537|565.31
P_1564|C_1564|423.38
P_1567|C_1567|744.67
P_1569|C_1569|929.9
P_1576|C_1576|721.49
P_1580|C_1580|839.26
P_1582|C_1582|974.52
P_1607|C_1607|175.35
P_1618|C_1618|458.78
P_1635|C_1635|530.72
P_1640|C_1640|26.63
P_1649|C_1649|578.11
P_1655|C_1655|807.18
P_1657|C_1657|411.69
P_1669|C_1669|597.36
P_1701|C_1701|237.96
P_1706|C_1706|815.84
P_1741|C_1741|924.68
P_1750|C_1750|927.9
P_1769|C_1769|564.6
P_1790|C_1790|917.25
P_1799|C_1799|57.74
P_1800|C_1800|487.89
P_1832|C_1832|563.27
P_1836|C_1836|810.09
P_1840|C_1840|972.4
P_1859|C_1859|944.15
P_1862|C_1862|466.05
P_1866|C_1866|223.32
P_1868|C_1868|804.11
P_1869|C_1869|287.53
P_1874|C_1874|168.62
P_1888|C_1888|273.52
P_1892|C_1892|753.96
P_1899|C_1899|61.72
P_1902|C_1902|544.3
P_1907|C_1907|917.13
P_1914|C_1914|351.36
P_1922|C_1922|772.91
P_1924|C_1924|14.1
P_1947|C_1947|798.1
P_1953|C_1953|303.45
P_1966|C_1966|504.19
P_1967|C_1967|68.67
P_1973|C_1973|461.17
P_1975|C_1975|758.13
P_2014|C_2014|544.29
P_2033|C_2033|498.4
P_2037|C_2037|732.44
P_2045|C_2045|557.94
P_2059|C_2059|753.93
P_2062|C_2062|164.67
P_2064|C_2064|328.28
P_2069|C_2069|730.87
P_2070|C_2070|960.99
P_2113|C_2113|462.3
P_2118|C_2118|37.37
P_2132|C_2132|511.03
P_2138|C_2138|303.5
P_2150|C_2150|251.51
P_2174|C_2174|842.94
P_2176|C_2176|223.69
P_2181|C_2181|751.2
P_2182|C_2182|576.69
P_2225|C_2225|159.97
P_2226|C_2226|676.52
P_2268|C_2268|763.74
P_2296|C_2296|782.02
P_2304|C_2304|382.99
P_2311|C_2311|519.89
P_2314|C_2314|658.64
P_2324|C_2324|411.83
P_2333|C_2333|995.21
P_2340|C_2340|307.91
P_2342|C_2342|78.01
P_2344|C_2344|342.85
P_2350|C_2350|534.03
P_2375|C_2375|524.46
P_2379|C_2379|501.83
P_2407|C_2407|89.21
P_2420|C_2420|62.41
P_2464|C_2464|431.67
P_2482|C_2482|446.14
P_2497|C_2497|983.03
P_2502|C_2502|365.8
P_2562|C_2562|383.99
P_2588|C_2588|703.71
P_2618|C_2618|190.19
P_2619|C_2619|511.87
P_2628|C_2628|179.64
P_2655|C_2655|154.55
P_2669|C_2669|831.29
P_2698|C_2698|750.81
P_2713|C_2713|445.69
P_2726|C_2726|602.45
P_2728|C_2728|204.06
P_2741|C_2741|98.87
P_2752|C_2752|688.04
P_2782|C_2782|183.61
P_2790|C_2790|685.04
P_2791|C_2791|302.1
P_2802|C_2802|953.49
P_2809|C_2809|62.03
P_2816|C_2816|735.02
P_2820|C_2820|180.74
P_2823|C_2823|209.28
P_2832|C_2832|301.52
P_2858|C_2858|819.22
P_2863|C_2863|675.43
P_2874|C_2874|310.07
P_2902|C_2902|112.97
P_2912|C_2912|56.06
P_2925|C_2925|227.87
P_2935|C_2935|296.6
P_2956|C_2956|519.62
P_2961|C_2961|598.58
P_2967|C_2967|804.79
P_2970|C_2970|187.86
P_2994|C_2994|442.66
P_3005|C_3005|413.58
P_3037|C_3037|60.74
P_3045|C_3045|808.87
P_3056|C_3056|565.72
P_3059|C_3059|963.25
P_3064|C_3064|462.29
P_3103|C_3103|605.43
P_3129|C_3129|915.0
P_3136|C_3136|249.14
P_3139|C_3139|214.88
P_3146|C_3146|196.47
P_3151|C_3151|925.84
P_3155|C_3155|181.42
P_3156|C_3156|85.87
P_3158|C_3158|327.0
P_3163|C_3163|372.89
P_3164|C_3164|985.85
P_3183|C_3183|921.83
P_3186|C_3186|766.95
P_3202|C_3202|418.85
P_3210|C_3210|298.17
P_3227|C_3227|44.12
P_3229|C_3229|392.94
P_3240|C_3240|152.18
P_3247|C_3247|887.79
P_3250|C_3250|569.89
P_3257|C_3257|79.18
P_3264|C_3264|54.38
P_3268|C_3268|269.55
P_3269|C_3269|628.73
P_3310|C_3310|178.63
P_3317|C_3317|528.21
P_3330|C_3330|414.17
P_3364|C_3364|369.69
P_3376|C_3376|962.33
P_3390|C_3390|696.48
P_3401|C_3401|687.22
P_3406|C_3406|424.26
P_3407|C_3407|499.88
P_3448|C_3448|616.2
P_3459|C_3459|340.6
P_3467|C_3467|17.67
P_3472|C_3472|700.52
P_3474|C_3474|530.7
P_3484|C_3484|403.42
P_3485|C_3485|611.64
P_3486|C_3486|212.08
P_3487|C_3487|189.97
P_3498|C_3498|783.39
P_3504|C_3504|572.24
P_3528|C_3528|136.02
P_3529|C_3529|957.69
P_3532|C_3532|69.11
P_3547|C_3547|882.41
P_3559|C_3559|50.48
P_3579|C_3579|451.07
P_3583|C_3583|789.2
P_3591|C_3591|51.41
P_3598|C_3598|626.14
P_3610|C_3610|376.46
P_3641|C_3641|431.96
P_3662|C_3662|124.32
P_3666|C_3666|613.55
P_3697|C_3697|121.62
P_3699|C_3699|63.88
P_3703|C_3703|90.76
P_3710|C_3710|635.49
P_3733|C_3733|690.41
P_3749|C_3749|338.15
P_3751|C_3751|399.96
P_3757|C_3757|724.1
P_3762|C_3762|850.57
P_3788|C_3788|438.87
P_3793|C_3793|919.43
P_3820|C_3820|612.72
P_3896|C_3896|949.91
P_3897|C_3897|266.31
P_3899|C_3899|513.65
P_3916|C_3916|791.78
P_3919|C_3919|739.85
P_3930|C_3930|717.05
P_3936|C_3936|466.53
P_3938|C_3938|676.55
P_3948|C_3948|838.96
P_3961|C_3961|640.85
P_3993|C_3993|947.94
P_4005|C_4005|329.14
P_4036|C_4036|131.34
P_4062|C_4062|268.9
P_4069|C_4069|730.15
P_4074|C_4074|809.34
P_4086|C_4086|924.61
P_4095|C_4095|747.52
P_4098|C_4098|566.28
P_4117|C_4117|799.11
P_4123|C_4123|871.96
P_4129|C_4129|174.19
P_4132|C_4132|408.9
P_4133|C_4133|228.77
P_4138|C_4138|256.45
P_4139|C_4139|581.51
P_4143|C_4143|465.07
P_4144|C_4144|173.85
P_4163|C_4163|943.52
P_4180|C_4180|963.62
P_4186|C_4186|101.96
P_4227|C_4227|189.38
P_4238|C_4238|746.7
P_4264|C_4264|681.05
P_4274|C_4274|625.7
P_4286|C_4286|474.45
P_4313|C_4313|480.59
P_4322|C_4322|866.74
P_4333|C_4333|363.53
P_4339|C_4339|186.71
P_4352|C_4352|135.19
P_4360|C_4360|786.99
P_4399|C_4399|369.17
P_4410|C_4410|481.28
P_4412|C_4412|584.17
P_4438|C_4438|441.62
P_4463|C_4463|919.87
P_4474|C_4474|486.33
P_4485|C_4485|829.54
P_4491|C_4491|31.33
P_4504|C_4504|646.75
P_4507|C_4507|84.95
P_4543|C_4543|788.1
P_4569|C_4569|522.91
P_4576|C_4576|335.33
P_4602|C_4602|559.59
P_4617|C_4617|298.4
P_4628|C_4628|243.58
P_4631|C_4631|328.25
P_4633|C_4633|55.99
P_4671|C_4671|198.94
P_4684|C_4684|278.0
P_4708|C_4708|271.57
P_4711|C_4711|93.74
P_4727|C_4727|32.11
P_4749|C_4749|969.63
P_4762|C_4762|544.41
P_4770|C_4770|851.38
P_4771|C_4771|640.1
P_4772|C_4772|964.7
P_4793|C_4793|153.69
P_4815|C_4815|120.95
P_4827|C_4827|253.24
P_4828|C_4828|91.91
P_4829|C_4829|942.3
P_4841|C_4841|233.92
P_4842|C_4842|576.03
P_4844|C_4844|846.94
P_4848|C_4848|907.35
P_4856|C_4856|305.01
P_4877|C_4877|508.37
P_4878|C_4878|319.32
P_4907|C_4907|9.54
P_4918|C_4918|981.42
P_4920|C_4920|511.86
P_4927|C_4927|64.78
P_4932|C_4932|606.96
P_4944|C_4944|126.96
P_4947|C_4947|205.0
P_4960|C_4960|816.38
P_4970|C_4970|240.36
P_4984|C_4984|94.0
P_4994|C_4994|583.37
P_755|C_755|654.09
P_768|C_768|194.15
P_769|C_769|453.49
P_771|C_771|658.2
P_773|C_773|34.18
P_782|C_782|547.13
P_813|C_813|29.44
P_821|C_821|495.67
P_822|C_822|940.52
P_843|C_843|807.43
P_845|C_845|627.59
P_921|C_921|255.34
P_928|C_928|630.57
P_934|C_934|501.28
P_946|C_946|971.45
P_974|C_974|540.09
P_978|C_978|965.18
P_1001|C_1001|620.96
P_1010|C_1010|210.93
P_1026|C_1026|42.34
P_1061|C_1061|349.55
P_1062|C_1062|128.6
P_1072|C_1072|786.26
P_1076|C_1076|207.73
P_1092|C_1092|924.07
P_1104|C_1104|776.21
P_1115|C_1115|971.13
P_1129|C_1129|864.86
P_1130|C_1130|403.96
P_1132|C_1132|665.52
P_1137|C_1137|813.75
P_1138|C_1138|554.42
P_1169|C_1169|258.84
P_1171|C_1171|768.79
P_1179|C_1179|766.91
P_1181|C_1181|126.24
P_1205|C_1205|624.17
P_1235|C_1235|680.36
P_1241|C_1241|16.79
P_1245|C_1245|430.49
P_1265|C_1265|936.97
P_1277|C_1277|843.11
P_1283|C_1283|596.53
P_1289|C_1289|685.05
P_1290|C_1290|209.43
P_1298|C_1298|953.43
P_1305|C_1305|38.75
P_1352|C_1352|731.16
P_1386|C_1386|212.89
P_1388|C_1388|860.21
P_1396|C_1396|834.63
P_1413|C_1413|233.73
P_1420|C_1420|633.3
P_1434|C_1434|617.71
P_1473|C_1473|554.31
P_1488|C_1488|856.46
P_1516|C_1516|513.08
P_1530|C_1530|606.29
P_1543|C_1543|529.75
P_1565|C_1565|721.36
P_1573|C_1573|472.67
P_1616|C_1616|478.19
P_1619|C_1619|744.57
P_1626|C_1626|304.75
P_1632|C_1632|785.4
P_1633|C_1633|407.58
P_1639|C_1639|886.73
P_1650|C_1650|163.08
P_1653|C_1653|664.54
P_1668|C_1668|522.11
P_1672|C_1672|159.88
P_1677|C_1677|907.79
P_1694|C_1694|567.15
P_1695|C_1695|3.65
P_1707|C_1707|600.28
P_1712|C_1712|669.31
P_1722|C_1722|493.65
P_1734|C_1734|682.86
P_1739|C_1739|862.47
P_1752|C_1752|916.92
P_1762|C_1762|613.19
P_1763|C_1763|875.27
P_1765|C_1765|438.03
P_1773|C_1773|187.83
P_1784|C_1784|604.1
P_1788|C_1788|460.14
P_1789|C_1789|529.2
P_1802|C_1802|699.48
P_1813|C_1813|217.02
P_1819|C_1819|304.8
P_1820|C_1820|355.66
P_1822|C_1822|369.22
P_1835|C_1835|451.33
P_1838|C_1838|949.11
P_1845|C_1845|767.61
P_1872|C_1872|126.86
P_1878|C_1878|438.07
P_1881|C_1881|926.04
P_1891|C_1891|584.96
P_1898|C_1898|150.15
P_1905|C_1905|3.76
P_1909|C_1909|206.12
P_1912|C_1912|677.56
P_1916|C_1916|203.26
P_1934|C_1934|539.17
P_1976|C_1976|892.0
P_1977|C_1977|832.67
P_1982|C_1982|385.57
P_1987|C_1987|490.34
P_2001|C_2001|383.0
P_2008|C_2008|404.19
P_2026|C_2026|768.97
P_2027|C_2027|951.41
P_2039|C_2039|987.23
P_2060|C_2060|616.24
P_2072|C_2072|443.05
P_2083|C_2083|115.33
P_2105|C_2105|997.59
P_2108|C_2108|178.86
P_2110|C_2110|923.9
P_2117|C_2117|920.99
P_2124|C_2124|565.54
P_2129|C_2129|270.02
P_2130|C_2130|220.96
P_2152|C_2152|378.45
P_2165|C_2165|620.08
P_2170|C_2170|288.75
P_2185|C_2185|741.55
P_2213|C_2213|439.21
P_2229|C_2229|983.28
P_2247|C_2247|545.26
P_2251|C_2251|244.15
P_2260|C_2260|392.46
P_2264|C_2264|465.01
P_2266|C_2266|221.96
P_2270|C_2270|91.02
P_2278|C_2278|322.37
P_2306|C_2306|748.32
P_2313|C_2313|493.77
P_2357|C_2357|781.5
P_2364|C_2364|493.87
P_2366|C_2366|546.32
P_2373|C_2373|606.44
P_2378|C_2378|654.11
P_2384|C_2384|615.74
P_2389|C_2389|870.06
P_2401|C_2401|45.88
P_2403|C_2403|293.96
P_2416|C_2416|818.32
P_2446|C_2446|353.66
P_2457|C_2457|342.26
P_6|C_6|742.27
P_10|C_10|844.07
P_24|C_24|828.93
P_26|C_26|853.24
P_63|C_63|524.44
P_75|C_75|94.68
P_83|C_83|647.08
P_99|C_99|406.72
P_100|C_100|759.94
P_103|C_103|270.65
P_126|C_126|745.02
P_134|C_134|249.11
P_145|C_145|120.06
P_152|C_152|957.25
P_156|C_156|420.3
P_174|C_174|698.92
P_178|C_178|307.09
P_193|C_193|29.18
P_194|C_194|651.89
P_198|C_198|437.62
P_218|C_218|341.41
P_228|C_228|774.4
P_236|C_236|48.64
P_241|C_241|641.02
P_261|C_261|652.62
P_268|C_268|625.76
P_269|C_269|655.74
P_291|C_291|9.01
P_292|C_292|369.34
P_299|C_299|832.79
P_304|C_304|762.48
P_312|C_312|92.62
P_356|C_356|547.05
P_367|C_367|401.88
P_380|C_380|84.45
P_394|C_394|404.37
P_399|C_399|827.01
P_426|C_426|482.01
P_431|C_431|743.09
P_446|C_446|113.1
P_457|C_457|845.46
P_478|C_478|949.18
P_482|C_482|972.64
P_490|C_490|900.42
P_494|C_494|648.39
P_497|C_497|897.58
P_521|C_521|904.36
P_522|C_522|651.73
P_532|C_532|615.1
P_543|C_543|456.93
P_547|C_547|940.26
P_552|C_552|304.69
P_575|C_575|647.96
P_576|C_576|256.55
P_580|C_580|193.32
P_603|C_603|580.71
P_614|C_614|257.08
P_615|C_615|351.65
P_658|C_658|844.56
P_662|C_662|173.68
P_663|C_663|929.37
P_673|C_673|659.05
P_692|C_692|430.39
P_698|C_698|450.22
P_727|C_727|80.47
P_748|C_748|740.59
P_752|C_752|970.63
P_758|C_758|502.34
P_760|C_760|676.31
P_772|C_772|859.44
P_797|C_797|522.31
P_802|C_802|211.45
P_804|C_804|536.43
P_816|C_816|969.38
P_818|C_818|387.25
P_819|C_819|568.84
P_844|C_844|758.04
P_847|C_847|105.02
P_858|C_858|809.71
P_859|C_859|819.15
P_873|C_873|751.51
P_875|C_875|406.72
P_887|C_887|909.91
P_889|C_889|784.19
P_899|C_899|413.98
P_909|C_909|914.04
P_913|C_913|185.0
P_914|C_914|635.75
P_923|C_923|919.19
P_925|C_925|341.22
P_931|C_931|925.96
P_937|C_937|832.49
P_951|C_951|286.17
P_953|C_953|33.66
P_955|C_955|576.84
P_963|C_963|794.25
P_990|C_990|415.01
P_996|C_996|351.28
P_1006|C_1006|617.13
P_1012|C_1012|568.12
P_1018|C_1018|927.65
P_1057|C_1057|172.67
P_1059|C_1059|921.89
P_1069|C_1069|311.77
P_1071|C_1071|3.07
P_1094|C_1094|558.33
P_1095|C_1095|198.55
P_1096|C_1096|645.03
P_1110|C_1110|542.64
P_1126|C_1126|369.86
P_1142|C_1142|833.33
P_1144|C_1144|695.93
P_1149|C_1149|31.03
P_1167|C_1167|688.14
P_1168|C_1168|185.43
P_1173|C_1173|857.71
P_1199|C_1199|408.16
P_1207|C_1207|787.96
P_1221|C_1221|954.39
P_1231|C_1231|423.86
P_1237|C_1237|60.01
P_1239|C_1239|466.26
P_1244|C_1244|10.03
P_1261|C_1261|524.52
P_1279|C_1279|741.18
P_1297|C_1297|25.12
P_1312|C_1312|382.05
P_1322|C_1322|343.48
P_1341|C_1341|789.38
P_1342|C_1342|548.83
P_1358|C_1358|840.43
P_1364|C_1364|587.16
P_1371|C_1371|96.8
P_1375|C_1375|356.69
P_1384|C_1384|786.59
P_1392|C_1392|608.09
P_1402|C_1402|353.46
P_1403|C_1403|922.67
P_1450|C_1450|766.7
P_1464|C_1464|569.04
P_1495|C_1495|375.9
P_1506|C_1506|611.16
P_1511|C_1511|816.93
P_1517|C_1517|264.72
P_1539|C_1539|199.36
P_1549|C_1549|513.61
P_1560|C_1560|220.48
P_1568|C_1568|723.33
P_1578|C_1578|509.19
P_1591|C_1591|434.23
P_1593|C_1593|985.36
P_1600|C_1600|976.75
P_1614|C_1614|829.14
P_1670|C_1670|688.25
P_1691|C_1691|207.4
P_1721|C_1721|780.75
P_1723|C_1723|134.48
P_1729|C_1729|279.13
P_1745|C_1745|408.31
P_1747|C_1747|341.6
P_1754|C_1754|663.18
P_1755|C_1755|615.59
P_1795|C_1795|6.07
P_1796|C_1796|409.37
P_1797|C_1797|604.37
P_1873|C_1873|789.25
P_1882|C_1882|379.95
P_1885|C_1885|684.81
P_1908|C_1908|151.86
P_1940|C_1940|180.34
P_1962|C_1962|227.89
P_1969|C_1969|334.2
P_1974|C_1974|639.74
P_1993|C_1993|270.08
P_1994|C_1994|346.08
P_2003|C_2003|953.42
P_2007|C_2007|239.76
P_2036|C_2036|902.17
P_2047|C_2047|532.99
P_2061|C_2061|299.42
P_2075|C_2075|658.81
P_2087|C_2087|351.18
P_2094|C_2094|505.62
P_2103|C_2103|88.02
P_2106|C_2106|582.73
P_2111|C_2111|612.0
P_2112|C_2112|244.49
P_2115|C_2115|611.99
P_2143|C_2143|891.96
P_2153|C_2153|668.03
P_2161|C_2161|669.01
P_2166|C_2166|301.21
P_2175|C_2175|876.6
P_2184|C_2184|110.87
P_2203|C_2203|773.75
P_2222|C_2222|905.58
P_2236|C_2236|991.92
P_2242|C_2242|476.79
P_2248|C_2248|233.66
P_2263|C_2263|722.69
P_2277|C_2277|133.37
P_2286|C_2286|323.16
P_2293|C_2293|726.02
P_2315|C_2315|146.49
P_2319|C_2319|509.58
P_2326|C_2326|58.98
P_2330|C_2330|567.87
P_2336|C_2336|282.09
P_2345|C_2345|833.88
P_2359|C_2359|401.01
P_2369|C_2369|448.64
P_2374|C_2374|361.02
P_2376|C_2376|190.8
P_2380|C_2380|983.3
P_2385|C_2385|546.73
P_2396|C_2396|848.42
P_2409|C_2409|666.88
P_2437|C_2437|455.04
P_2439|C_2439|800.13
P_2442|C_2442|620.72
P_2451|C_2451|376.85
P_2458|C_2458|264.94
P_2465|C_2465|458.54
P_2470|C_2470|982.92
P_2473|C_2473|155.81
P_2479|C_2479|139.24
P_2495|C_2495|246.29
P_2499|C_2499|655.79
P_2534|C_2534|365.91
P_2540|C_2540|514.82
P_2577|C_2577|778.97
P_2604|C_2604|26.15
P_2617|C_2617|379.88
P_2623|C_2623|516.41
P_2647|C_2647|706.49
P_2651|C_2651|269.16
P_2660|C_2660|111.39
P_2675|C_2675|654.05
P_2676|C_2676|710.36
P_2685|C_2685|971.85
P_2694|C_2694|444.94
P_2705|C_2705|300.48
P_2706|C_2706|357.68
P_2709|C_2709|242.25
P_2727|C_2727|519.72
P_2746|C_2746|58.34
P_2760|C_2760|691.84
P_2775|C_2775|687.64
P_2778|C_2778|339.82
P_2789|C_2789|251.29
P_2800|C_2800|355.48
P_2811|C_2811|984.73
P_2815|C_2815|617.08
P_2837|C_2837|582.9
P_2840|C_2840|88.16
P_2854|C_2854|940.79
P_2891|C_2891|253.97
P_2914|C_2914|694.08
P_2917|C_2917|408.65
P_2959|C_2959|487.85
P_2964|C_2964|790.99
P_2969|C_2969|12.31
P_2976|C_2976|596.05
P_2992|C_2992|222.22
P_2993|C_2993|94.86
P_3033|C_3033|755.31
P_3040|C_3040|39.56
P_3047|C_3047|808.98
P_3058|C_3058|372.3
P_3079|C_3079|197.74
P_3093|C_3093|411.49
P_3102|C_3102|812.08
P_3120|C_3120|557.43
P_3123|C_3123|607.33
P_3170|C_3170|189.72
P_3171|C_3171|82.78
P_3180|C_3180|919.21
P_3192|C_3192|517.08
P_3215|C_3215|44.3
P_3231|C_3231|172.73
P_3233|C_3233|426.57
P_3242|C_3242|863.9
P_3253|C_3253|23.55
P_3254|C_3254|912.59
P_3272|C_3272|60.43
P_3291|C_3291|856.99
P_3301|C_3301|189.67
P_3304|C_3304|106.9
P_3325|C_3325|107.7
P_3350|C_3350|205.36
P_3370|C_3370|107.49
P_3373|C_3373|759.67
P_3374|C_3374|816.67
P_3453|C_3453|994.13
P_3456|C_3456|483.5
P_3460|C_3460|676.14
P_3501|C_3501|576.72
P_3503|C_3503|617.52
P_3526|C_3526|160.35
P_3541|C_3541|879.59
P_3552|C_3552|914.36
P_3573|C_3573|693.36
P_3584|C_3584|363.27
P_3599|C_3599|493.66
P_3605|C_3605|164.38
P_3608|C_3608|69.74
P_3628|C_3628|75.51
P_3650|C_3650|254.49
P_3685|C_3685|271.45
P_3691|C_3691|83.57
P_3705|C_3705|40.57
P_3716|C_3716|481.73
P_3739|C_3739|436.51
P_3747|C_3747|59.65
P_3752|C_3752|941.15
P_3769|C_3769|301.67
P_3771|C_3771|894.12
P_3777|C_3777|212.81
P_3795|C_3795|987.49
P_3796|C_3796|426.21
P_3801|C_3801|594.17
P_3803|C_3803|511.38
P_3808|C_3808|762.41
P_3810|C_3810|892.18
P_3828|C_3828|148.89
P_3833|C_3833|390.96
P_3838|C_3838|694.4
P_3844|C_3844|53.14
P_3893|C_3893|325.77
P_3901|C_3901|982.91
P_3904|C_3904|750.51
P_3905|C_3905|312.11
P_3907|C_3907|520.14
P_3918|C_3918|900.42
P_3931|C_3931|681.29
P_3932|C_3932|834.94
P_3942|C_3942|577.8
P_3944|C_3944|719.81
P_3971|C_3971|195.8
P_4038|C_4038|363.7
P_4044|C_4044|101.65
P_4045|C_4045|681.89
P_4066|C_4066|442.09
P_4076|C_4076|598.98
P_4090|C_4090|44.06
P_4092|C_4092|294.41
P_4097|C_4097|164.97
P_4100|C_4100|30.18
P_4119|C_4119|845.04
P_4134|C_4134|137.63
P_4148|C_4148|244.53
P_4151|C_4151|485.64
P_4169|C_4169|618.8
P_4184|C_4184|695.73
P_4188|C_4188|817.86
P_4190|C_4190|990.17
P_4192|C_4192|52.75
P_4217|C_4217|115.64
P_4224|C_4224|891.12
P_4245|C_4245|742.06
P_4260|C_4260|687.0
P_4296|C_4296|672.51
P_4321|C_4321|82.87
P_4336|C_4336|10.63
P_4337|C_4337|726.78
P_4347|C_4347|6.09
P_4358|C_4358|107.52
P_4365|C_4365|156.15
P_4393|C_4393|575.57
P_4394|C_4394|33.91
P_4397|C_4397|353.39
P_4403|C_4403|897.37
P_4407|C_4407|351.49
P_4420|C_4420|437.53
P_4422|C_4422|490.16
P_4427|C_4427|73.84
P_4434|C_4434|496.15
P_4444|C_4444|229.17
P_4449|C_4449|948.27
P_4500|C_4500|827.29
P_4508|C_4508|252.24
P_4511|C_4511|634.86
P_4520|C_4520|802.71
P_4529|C_4529|231.13
P_4549|C_4549|540.94
P_4551|C_4551|598.1
P_4565|C_4565|464.59
P_4613|C_4613|979.64
P_4635|C_4635|380.01
P_4654|C_4654|364.32
P_4676|C_4676|53.35
P_4679|C_4679|993.06
P_4685|C_4685|463.08
P_4686|C_4686|88.74
P_4691|C_4691|297.64
P_4698|C_4698|17.31
P_4831|C_4831|202.13
P_4839|C_4839|455.39
P_4872|C_4872|74.05
P_4875|C_4875|480.96
P_4879|C_4879|181.39
P_4887|C_4887|830.87
P_4904|C_4904|120.43
P_4914|C_4914|683.83
P_4933|C_4933|89.54
P_4939|C_4939|862.29
P_4941|C_4941|989.58
P_4951|C_4951|248.0
P_4968|C_4968|269.29
P_4975|C_4975|158.74
P_4996|C_4996|140.65
P_2467|C_2467|114.61
P_2485|C_2485|86.79
P_2488|C_2488|626.81
P_2493|C_2493|745.93
P_2505|C_2505|58.48
P_2507|C_2507|151.96
P_2519|C_2519|372.13
P_2526|C_2526|786.02
P_2528|C_2528|259.83
P_2533|C_2533|778.68
P_2556|C_2556|533.61
P_2567|C_2567|321.7
P_2568|C_2568|893.48
P_2572|C_2572|188.62
P_2584|C_2584|878.97
P_2595|C_2595|178.7
P_2607|C_2607|930.29
P_2646|C_2646|367.54
P_2652|C_2652|602.51
P_2654|C_2654|493.17
P_2670|C_2670|752.83
P_2673|C_2673|779.74
P_2678|C_2678|554.89
P_2679|C_2679|762.06
P_2699|C_2699|313.64
P_2703|C_2703|414.67
P_2704|C_2704|649.85
P_2715|C_2715|512.63
P_2717|C_2717|674.7
P_2737|C_2737|354.22
P_2753|C_2753|999.41
P_2755|C_2755|655.83
P_2772|C_2772|233.32
P_2773|C_2773|760.29
P_2817|C_2817|517.44
P_2819|C_2819|839.09
P_2845|C_2845|45.82
P_2850|C_2850|830.49
P_2864|C_2864|992.38
P_2872|C_2872|944.4
P_2873|C_2873|540.56
P_2880|C_2880|310.76
P_2904|C_2904|520.81
P_2945|C_2945|699.04
P_2949|C_2949|266.19
P_2951|C_2951|531.28
P_2977|C_2977|441.04
P_2982|C_2982|643.33
P_2983|C_2983|127.4
P_2985|C_2985|806.41
P_2986|C_2986|925.25
P_2988|C_2988|269.68
P_2997|C_2997|400.53
P_3004|C_3004|927.0
P_3007|C_3007|730.95
P_3019|C_3019|279.65
P_3020|C_3020|625.31
P_3030|C_3030|929.87
P_3038|C_3038|67.97
P_3041|C_3041|166.68
P_3071|C_3071|567.44
P_3115|C_3115|158.6
P_3140|C_3140|582.03
P_3141|C_3141|88.38
P_3175|C_3175|268.87
P_3176|C_3176|767.31
P_3182|C_3182|873.63
P_3194|C_3194|579.96
P_3204|C_3204|562.81
P_3208|C_3208|919.34
P_3209|C_3209|585.96
P_3239|C_3239|185.85
P_3241|C_3241|248.89
P_3243|C_3243|846.18
P_3246|C_3246|769.06
P_3251|C_3251|600.58
P_3252|C_3252|121.01
P_3262|C_3262|191.43
P_3277|C_3277|535.13
P_3288|C_3288|950.81
P_3296|C_3296|768.73
P_3300|C_3300|525.11
P_3313|C_3313|468.13
P_3331|C_3331|496.54
P_3339|C_3339|370.83
P_3351|C_3351|188.55
P_3377|C_3377|120.55
P_3388|C_3388|400.88
P_3394|C_3394|802.95
P_3396|C_3396|793.18
P_3397|C_3397|991.15
P_3414|C_3414|812.84
P_3436|C_3436|271.4
P_3475|C_3475|55.29
P_3483|C_3483|453.54
P_3551|C_3551|182.58
P_3569|C_3569|888.04
P_3575|C_3575|643.16
P_3578|C_3578|427.48
P_3606|C_3606|846.84
P_3635|C_3635|179.27
P_3660|C_3660|508.94
P_3661|C_3661|127.63
P_3672|C_3672|130.48
P_3681|C_3681|838.76
P_3689|C_3689|378.44
P_3701|C_3701|710.11
P_3704|C_3704|501.89
P_3719|C_3719|39.35
P_3725|C_3725|273.01
P_3745|C_3745|985.7
P_3746|C_3746|960.68
P_3753|C_3753|194.69
P_3754|C_3754|558.05
P_3761|C_3761|799.95
P_3766|C_3766|201.09
P_3774|C_3774|322.66
P_3778|C_3778|245.54
P_3799|C_3799|832.38
P_3821|C_3821|847.8
P_3856|C_3856|756.18
P_3860|C_3860|541.81
P_3871|C_3871|916.25
P_3882|C_3882|770.13
P_3886|C_3886|414.64
P_3887|C_3887|54.43
P_3898|C_3898|915.66
P_3900|C_3900|27.27
P_3913|C_3913|49.56
P_3933|C_3933|156.85
P_3950|C_3950|649.01
P_3970|C_3970|919.35
P_3986|C_3986|780.06
P_4007|C_4007|665.47
P_4009|C_4009|938.04
P_4016|C_4016|753.22
P_4017|C_4017|896.82
P_4019|C_4019|695.99
P_4048|C_4048|587.26
P_4052|C_4052|14.74
P_4061|C_4061|49.37
P_4065|C_4065|239.3
P_4078|C_4078|858.47
P_4114|C_4114|612.73
P_4124|C_4124|453.69
P_4136|C_4136|519.27
P_4145|C_4145|423.53
P_4150|C_4150|53.05
P_4206|C_4206|931.35
P_4214|C_4214|432.83
P_4235|C_4235|189.5
